<?xml version="1.0" encoding="UTF-8"?>
<!DOCTYPE struts PUBLIC
   "-//Apache Software Foundation//DTD Struts Configuration 2.0//EN"
   "http://struts.apache.org/dtds/struts-2.0.dtd">

<struts>
   <constant name = "struts.devMode" value = "true" />
   
   <package name = "helloworld" extends = "tiles-default">
     <action name = "hello" 
         class = "com.basic_struts.HelloWorldAction" >
<!--                   method = "execute" -->
<!--          <result name = "success">/HelloWorld.jsp</result> -->
		<result name="success" type="tiles">login-success</result>
      </action>
      
      <action name = "about">
<!--                   method = "execute" -->
<!--          <result name = "success">/HelloWorld.jsp</result> -->
		<result name="success" type="tiles">goToAbout</result>
      </action>
   </package>
</struts>