<?xml version="1.0" encoding="UTF-8" ?> 

<!DOCTYPE tiles-definitions PUBLIC 
"-//Apache Software Foundation//DTD Tiles Configuration 2.0//EN" 
"http://tiles.apache.org/dtds/tiles-config_2_0.dtd"> 

<tiles-definitions>
   
   <definition name="login-success" template="/layoutmanager.jsp"> 
   <put-attribute name="title" value="Welcome..."/> 
   <put-attribute name="body" value="/HelloWorld.jsp"/> 
   </definition>
   
   <definition name="goToAbout" template="/layoutmanager.jsp"> 
   <put-attribute name="title" value="About"/> 
   <put-attribute name="body" value="/about.jsp"/> 
   </definition>
   
   
</tiles-definitions>